-- Plantilla

-- PRODUCTO
-- INSERT INTO Producto (nombre, tipo, contenidoTHC, contenidoCBD, precio, stock)
-- VALUES ('NombreProducto', 'Flor', 18.5, 0.2, 25.99, 100);

-- CLIENTE
-- INSERT INTO Cliente (nombre, fechaNacimiento, email, direccion, contrasena)
-- VALUES ('Juan Pérez','1990-03-25', 'juan.perez@email.com', 'Calle Falsa 123, Ciudad', 'as123sd');

-- EMPLEADO
-- INSERT INTO Empleado (nombre, rol, email, salario, contrasena)
-- VALUES ('María Gómez', '55120', 'Vendedor', 'maria.gomez@email.com', 2500.00, 'as123sd');

-- PEDIDO
-- INSERT INTO Pedido (fecha, total, estado, cliente_id)
-- VALUES ('2025-05-01', 0.0, 'Pendiente', 1); -- Asumiendo que el cliente con id=1 ya existe

-- ITEMPEDIDO
-- INSERT INTO ItemPedido (pedido_id, producto_id, cantidad)
-- VALUES (1, 1, 2); -- Asume que pedido_id=1 y producto_id=1 existen

-- REGULACION
-- INSERT INTO Regulacion (descripcion)
-- VALUES ('Producto no debe exceder 20% de THC para venta libre.');

-- DATOS EMPLEADOS
INSERT INTO Empleado (nombre, rol, email, salario, contrasena_hash, fotoPerfilUrl) VALUES 
('Alvaro',     'Repartidor', 'alvaro@cannagrow.com',    1200.00, '$2b$10$z5ypL0dS/Va7bQxXZrX8SOHeH0LaQsmkZbzD1kPUzobp5g65h7.B2', NULL),
('Beatriz',    'Repartidor', 'beatriz@cannagrow.com',   1220.00, '$2b$10$z5ypL0dS/Va7bQxXZrX8SOHeH0LaQsmkZbzD1kPUzobp5g65h7.B2', NULL),
('Carmen',     'Repartidor', 'carmen@cannagrow.com',    1240.00, '$2b$10$z5ypL0dS/Va7bQxXZrX8SOHeH0LaQsmkZbzD1kPUzobp5g65h7.B2', NULL),
('Diego',      'Repartidor', 'diego@cannagrow.com',     1260.00, '$2b$10$z5ypL0dS/Va7bQxXZrX8SOHeH0LaQsmkZbzD1kPUzobp5g65h7.B2', NULL),
('Elena',      'Repartidor', 'elena@cannagrow.com',     1280.00, '$2b$10$z5ypL0dS/Va7bQxXZrX8SOHeH0LaQsmkZbzD1kPUzobp5g65h7.B2', NULL),
('Fabio',      'Repartidor', 'fabio@cannagrow.com',     1300.00, '$2b$10$z5ypL0dS/Va7bQxXZrX8SOHeH0LaQsmkZbzD1kPUzobp5g65h7.B2', NULL),
('Gabriela',   'Repartidor', 'gabriela@cannagrow.com',  1320.00, '$2b$10$z5ypL0dS/Va7bQxXZrX8SOHeH0LaQsmkZbzD1kPUzobp5g65h7.B2', NULL),
('Hugo',       'Repartidor', 'hugo@cannagrow.com',      1340.00, '$2b$10$z5ypL0dS/Va7bQxXZrX8SOHeH0LaQsmkZbzD1kPUzobp5g65h7.B2', NULL),
('Irene',      'Repartidor', 'irene@cannagrow.com',     1360.00, '$2b$10$z5ypL0dS/Va7bQxXZrX8SOHeH0LaQsmkZbzD1kPUzobp5g65h7.B2', NULL),
('Jorge',      'Repartidor', 'jorge@cannagrow.com',     1380.00, '$2b$10$z5ypL0dS/Va7bQxXZrX8SOHeH0LaQsmkZbzD1kPUzobp5g65h7.B2', NULL),
('Karla',      'Repartidor', 'karla@cannagrow.com',     1400.00, '$2b$10$z5ypL0dS/Va7bQxXZrX8SOHeH0LaQsmkZbzD1kPUzobp5g65h7.B2', NULL),
('Luis',       'Repartidor', 'luis@cannagrow.com',      1420.00, '$2b$10$z5ypL0dS/Va7bQxXZrX8SOHeH0LaQsmkZbzD1kPUzobp5g65h7.B2', NULL),
('Marta',      'Repartidor', 'marta@cannagrow.com',     1440.00, '$2b$10$z5ypL0dS/Va7bQxXZrX8SOHeH0LaQsmkZbzD1kPUzobp5g65h7.B2', NULL),
('Nacho',      'Repartidor', 'nacho@cannagrow.com',     1460.00, '$2b$10$z5ypL0dS/Va7bQxXZrX8SOHeH0LaQsmkZbzD1kPUzobp5g65h7.B2', NULL),
('Olga',       'Repartidor', 'olga@cannagrow.com',      1480.00, '$2b$10$z5ypL0dS/Va7bQxXZrX8SOHeH0LaQsmkZbzD1kPUzobp5g65h7.B2', NULL),
('Pablo',      'Repartidor', 'pablo@cannagrow.com',     1500.00, '$2b$10$z5ypL0dS/Va7bQxXZrX8SOHeH0LaQsmkZbzD1kPUzobp5g65h7.B2', NULL),
('Quim',       'Repartidor', 'quim@cannagrow.com',      1520.00, '$2b$10$z5ypL0dS/Va7bQxXZrX8SOHeH0LaQsmkZbzD1kPUzobp5g65h7.B2', NULL),
('Rosa',       'Repartidor', 'rosa@cannagrow.com',      1540.00, '$2b$10$z5ypL0dS/Va7bQxXZrX8SOHeH0LaQsmkZbzD1kPUzobp5g65h7.B2', NULL),
('Sergio',     'Repartidor', 'sergio@cannagrow.com',    1560.00, '$2b$10$z5ypL0dS/Va7bQxXZrX8SOHeH0LaQsmkZbzD1kPUzobp5g65h7.B2', NULL),
('Teresa',     'Repartidor', 'teresa@cannagrow.com',    1580.00, '$2b$10$z5ypL0dS/Va7bQxXZrX8SOHeH0LaQsmkZbzD1kPUzobp5g65h7.B2', NULL),
('Ulises',     'Repartidor', 'ulises@cannagrow.com',    1600.00, '$2b$10$z5ypL0dS/Va7bQxXZrX8SOHeH0LaQsmkZbzD1kPUzobp5g65h7.B2', NULL),
('Vanessa',    'Repartidor', 'vanessa@cannagrow.com',   1620.00, '$2b$10$z5ypL0dS/Va7bQxXZrX8SOHeH0LaQsmkZbzD1kPUzobp5g65h7.B2', NULL),
('Walter',     'Repartidor', 'walter@cannagrow.com',    1640.00, '$2b$10$z5ypL0dS/Va7bQxXZrX8SOHeH0LaQsmkZbzD1kPUzobp5g65h7.B2', NULL),
('Ximena',     'Repartidor', 'ximena@cannagrow.com',    1660.00, '$2b$10$z5ypL0dS/Va7bQxXZrX8SOHeH0LaQsmkZbzD1kPUzobp5g65h7.B2', NULL),
('Yago',       'Repartidor', 'yago@cannagrow.com',      1680.00, '$2b$10$z5ypL0dS/Va7bQxXZrX8SOHeH0LaQsmkZbzD1kPUzobp5g65h7.B2', NULL),
('Zoe',        'Repartidor', 'zoe@cannagrow.com',       1700.00, '$2b$10$z5ypL0dS/Va7bQxXZrX8SOHeH0LaQsmkZbzD1kPUzobp5g65h7.B2', NULL),
('Alberto',    'Repartidor', 'alberto@cannagrow.com',   1720.00, '$2b$10$z5ypL0dS/Va7bQxXZrX8SOHeH0LaQsmkZbzD1kPUzobp5g65h7.B2', NULL),
('Blanca',     'Repartidor', 'blanca@cannagrow.com',    1740.00, '$2b$10$z5ypL0dS/Va7bQxXZrX8SOHeH0LaQsmkZbzD1kPUzobp5g65h7.B2', NULL),
('Carlos',     'Repartidor', 'carlos@cannagrow.com',    1760.00, '$2b$10$z5ypL0dS/Va7bQxXZrX8SOHeH0LaQsmkZbzD1kPUzobp5g65h7.B2', NULL),
('Daniela',    'Repartidor', 'daniela@cannagrow.com',   1780.00, '$2b$10$z5ypL0dS/Va7bQxXZrX8SOHeH0LaQsmkZbzD1kPUzobp5g65h7.B2', NULL),
('Eduardo',    'Repartidor', 'eduardo@cannagrow.com',   1800.00, '$2b$10$z5ypL0dS/Va7bQxXZrX8SOHeH0LaQsmkZbzD1kPUzobp5g65h7.B2', NULL),
('Fernanda',   'Repartidor', 'fernanda@cannagrow.com',  1820.00, '$2b$10$z5ypL0dS/Va7bQxXZrX8SOHeH0LaQsmkZbzD1kPUzobp5g65h7.B2', NULL),
('Gustavo',    'Repartidor', 'gustavo@cannagrow.com',   1840.00, '$2b$10$z5ypL0dS/Va7bQxXZrX8SOHeH0LaQsmkZbzD1kPUzobp5g65h7.B2', NULL),
('Helena',     'Repartidor', 'helena@cannagrow.com',    1860.00, '$2b$10$z5ypL0dS/Va7bQxXZrX8SOHeH0LaQsmkZbzD1kPUzobp5g65h7.B2', NULL),
('Ivan',       'Repartidor', 'ivan@cannagrow.com',      1880.00, '$2b$10$z5ypL0dS/Va7bQxXZrX8SOHeH0LaQsmkZbzD1kPUzobp5g65h7.B2', NULL),
('Julia',      'Repartidor', 'julia@cannagrow.com',     1900.00, '$2b$10$z5ypL0dS/Va7bQxXZrX8SOHeH0LaQsmkZbzD1kPUzobp5g65h7.B2', NULL),
('Kevin',      'Repartidor', 'kevin@cannagrow.com',     1920.00, '$2b$10$z5ypL0dS/Va7bQxXZrX8SOHeH0LaQsmkZbzD1kPUzobp5g65h7.B2', NULL),
('Laura',      'Repartidor', 'laura@cannagrow.com',     1940.00, '$2b$10$z5ypL0dS/Va7bQxXZrX8SOHeH0LaQsmkZbzD1kPUzobp5g65h7.B2', NULL),
('Miguel',     'Repartidor', 'miguel@cannagrow.com',    1960.00, '$2b$10$z5ypL0dS/Va7bQxXZrX8SOHeH0LaQsmkZbzD1kPUzobp5g65h7.B2', NULL),
('Natalia',    'Repartidor', 'natalia@cannagrow.com',   1980.00, '$2b$10$z5ypL0dS/Va7bQxXZrX8SOHeH0LaQsmkZbzD1kPUzobp5g65h7.B2', NULL),
('Oscar',      'Repartidor', 'oscar@cannagrow.com',     2000.00, '$2b$10$z5ypL0dS/Va7bQxXZrX8SOHeH0LaQsmkZbzD1kPUzobp5g65h7.B2', NULL),
('Patricia',   'Repartidor', 'patricia@cannagrow.com',  2020.00, '$2b$10$z5ypL0dS/Va7bQxXZrX8SOHeH0LaQsmkZbzD1kPUzobp5g65h7.B2', NULL),
('Ruben',      'Repartidor', 'ruben@cannagrow.com',     2040.00, '$2b$10$z5ypL0dS/Va7bQxXZrX8SOHeH0LaQsmkZbzD1kPUzobp5g65h7.B2', NULL),
('Sandra2',    'Repartidor', 'sandra2@cannagrow.com',   2060.00, '$2b$10$z5ypL0dS/Va7bQxXZrX8SOHeH0LaQsmkZbzD1kPUzobp5g65h7.B2', NULL),
('Tomás',      'Repartidor', 'tomas@cannagrow.com',     2080.00, '$2b$10$z5ypL0dS/Va7bQxXZrX8SOHeH0LaQsmkZbzD1kPUzobp5g65h7.B2', NULL),
('Úrsula',     'Repartidor', 'ursula@cannagrow.com',    2100.00, '$2b$10$z5ypL0dS/Va7bQxXZrX8SOHeH0LaQsmkZbzD1kPUzobp5g65h7.B2', NULL),
('Víctor',     'Repartidor', 'victor@cannagrow.com',    2120.00, '$2b$10$z5ypL0dS/Va7bQxXZrX8SOHeH0LaQsmkZbzD1kPUzobp5g65h7.B2', NULL),
('Wanda',      'Repartidor', 'wanda@cannagrow.com',     2140.00, '$2b$10$z5ypL0dS/Va7bQxXZrX8SOHeH0LaQsmkZbzD1kPUzobp5g65h7.B2', NULL),
('Xavier',     'Repartidor', 'xavier@cannagrow.com',    2160.00, '$2b$10$z5ypL0dS/Va7bQxXZrX8SOHeH0LaQsmkZbzD1kPUzobp5g65h7.B2', NULL),
('Yolanda',    'Repartidor', 'yolanda@cannagrow.com',   2180.00, '$2b$10$z5ypL0dS/Va7bQxXZrX8SOHeH0LaQsmkZbzD1kPUzobp5g65h7.B2', NULL),
('Zacarías',   'Repartidor', 'zacarias@cannagrow.com',  2200.00, '$2b$10$z5ypL0dS/Va7bQxXZrX8SOHeH0LaQsmkZbzD1kPUzobp5g65h7.B2', NULL),
('Joaquin Tena',    'Gerente',    'joaquin_tena@email.com',    4400.00, '$2b$10$z5ypL0dS/Va7bQxXZrX8SOHeH0LaQsmkZbzD1kPUzobp5g65h7.B2', NULL),
('Borja Carreres',  'Gerente',    'borja_carreres@email.com',  6400.00, '$2b$10$z5ypL0dS/Va7bQxXZrX8SOHeH0LaQsmkZbzD1kPUzobp5g65h7.B2', NULL),
('Andreu Rosell',   'Gerente',    'andreu_rosell@email.com',  10000.00, '$2b$10$z5ypL0dS/Va7bQxXZrX8SOHeH0LaQsmkZbzD1kPUzobp5g65h7.B2', NULL),
('Nacho Piles',     'Cultivador', 'nacho_piles@email.com',     1400.00, '$2b$10$z5ypL0dS/Va7bQxXZrX8SOHeH0LaQsmkZbzD1kPUzobp5g65h7.B2', NULL),
('Mario mas',       'Vendedor',   'mario_mas@email.com',       1850.00, '$2b$10$z5ypL0dS/Va7bQxXZrX8SOHeH0LaQsmkZbzD1kPUzobp5g65h7.B2', "https://cannagrowdam.duckdns.org/imagenesBD/imagenesEmpleado/marioFoto.png"),
('admin',    'Gerente',    'admin@email.com',    15400.00, 'admin', NULL),
('Lucía Vega',      'Vendedor',   'lucia.vega@email.com',      2100.00, '$2b$10$z5ypL0dS/Va7bQxXZrX8SOHeH0LaQsmkZbzD1kPUzobp5g65h7.B2', NULL),
('Carlos Ruiz',     'Vendedor',   'carlos.ruiz@email.com',     1300.00, '$2b$10$z5ypL0dS/Va7bQxXZrX8SOHeH0LaQsmkZbzD1kPUzobp5g65h7.B2', NULL),
('Ana Torres',      'Vendedor',   'ana.torres@email.com',      1950.00, '$2b$10$z5ypL0dS/Va7bQxXZrX8SOHeH0LaQsmkZbzD1kPUzobp5g65h7.B2', NULL),
('José Morales',    'Vendedor',   'jose.morales@email.com',    1400.00, '$2b$10$z5ypL0dS/Va7bQxXZrX8SOHeH0LaQsmkZbzD1kPUzobp5g65h7.B2', NULL),
('Elena Bravo',     'Vendedor',   'elena.bravo@email.com',     1750.00, '$2b$10$z5ypL0dS/Va7bQxXZrX8SOHeH0LaQsmkZbzD1kPUzobp5g65h7.B2', NULL),
('Luis Cano',       'Vendedor',   'luis.cano@email.com',       2200.00, '$2b$10$z5ypL0dS/Va7bQxXZrX8SOHeH0LaQsmkZbzD1kPUzobp5g65h7.B2', NULL),
('Marta Gil',       'Vendedor',   'marta.gil@email.com',       1600.00, '$2b$10$z5ypL0dS/Va7bQxXZrX8SOHeH0LaQsmkZbzD1kPUzobp5g65h7.B2', NULL),
('Pablo Díaz',      'Vendedor',   'pablo.diaz@email.com',      1200.00, '$2b$10$z5ypL0dS/Va7bQxXZrX8SOHeH0LaQsmkZbzD1kPUzobp5g65h7.B2', NULL),
('Sandra León',     'Vendedor',   'sandra.leon@email.com',     2050.00, '$2b$10$z5ypL0dS/Va7bQxXZrX8SOHeH0LaQsmkZbzD1kPUzobp5g65h7.B2', NULL),
('Jorge Paredes',   'Cultivador', 'jorge.paredes@email.com',   1450.00, '$2b$10$z5ypL0dS/Va7bQxXZrX8SOHeH0LaQsmkZbzD1kPUzobp5g65h7.B2', NULL),
('Claudia Rivas',   'Cultivador', 'claudia.rivas@email.com',   1000.00, '$2b$10$z5ypL0dS/Va7bQxXZrX8SOHeH0LaQsmkZbzD1kPUzobp5g65h7.B2', NULL),
('Iván Soto',       'Cultivador', 'ivan.soto@email.com',       1300.00, '$2b$10$z5ypL0dS/Va7bQxXZrX8SOHeH0LaQsmkZbzD1kPUzobp5g65h7.B2', NULL),
('Verónica Castro', 'Cultivador', 'veronica.castro@email.com', 1100.00, '$2b$10$z5ypL0dS/Va7bQxXZrX8SOHeH0LaQsmkZbzD1kPUzobp5g65h7.B2', NULL),
('Pedro Navas',     'Cultivador', 'pedro.navas@email.com',     1200.00, '$2b$10$z5ypL0dS/Va7bQxXZrX8SOHeH0LaQsmkZbzD1kPUzobp5g65h7.B2', NULL),
('Camila Durán',    'Cultivador', 'camila.duran@email.com',    950.00,  '$2b$10$z5ypL0dS/Va7bQxXZrX8SOHeH0LaQsmkZbzD1kPUzobp5g65h7.B2', NULL),
('Andrés Muñoz',    'Cultivador', 'andres.munoz@email.com',    1250.00, '$2b$10$z5ypL0dS/Va7bQxXZrX8SOHeH0LaQsmkZbzD1kPUzobp5g65h7.B2', NULL),
('Raquel Romero',   'Cultivador', 'raquel.romero@email.com',   1350.00, '$2b$10$z5ypL0dS/Va7bQxXZrX8SOHeH0LaQsmkZbzD1kPUzobp5g65h7.B2', NULL),
('David Salas',     'Cultivador', 'david.salas@email.com',     1150.00, '$2b$10$z5ypL0dS/Va7bQxXZrX8SOHeH0LaQsmkZbzD1kPUzobp5g65h7.B2', NULL),
('Sofía Méndez',    'Cultivador', 'sofia.mendez@email.com',    900.00,  '$2b$10$z5ypL0dS/Va7bQxXZrX8SOHeH0LaQsmkZbzD1kPUzobp5g65h7.B2', NULL),
('Esteban Lara',    'Cultivador', 'esteban.lara@email.com',    1420.00, '$2b$10$z5ypL0dS/Va7bQxXZrX8SOHeH0LaQsmkZbzD1kPUzobp5g65h7.B2', NULL),
('Paula Guzmán',    'Cultivador', 'paula.guzman@email.com',    1280.00, '$2b$10$z5ypL0dS/Va7bQxXZrX8SOHeH0LaQsmkZbzD1kPUzobp5g65h7.B2', NULL),
('Héctor Arias',    'Cultivador', 'hector.arias@email.com',    1490.00, '$2b$10$z5ypL0dS/Va7bQxXZrX8SOHeH0LaQsmkZbzD1kPUzobp5g65h7.B2', NULL),
('Laura Peña',      'Cultivador', 'laura.pena@email.com',      1380.00, '$2b$10$z5ypL0dS/Va7bQxXZrX8SOHeH0LaQsmkZbzD1kPUzobp5g65h7.B2', NULL),
('Rafael Valdés',   'Cultivador', 'rafael.valdes@email.com',   920.00,  '$2b$10$z5ypL0dS/Va7bQxXZrX8SOHeH0LaQsmkZbzD1kPUzobp5g65h7.B2', NULL),
('Natalia Prado',   'Cultivador', 'natalia.prado@email.com',   1050.00, '$2b$10$z5ypL0dS/Va7bQxXZrX8SOHeH0LaQsmkZbzD1kPUzobp5g65h7.B2', NULL),
('Bruno Ortiz',     'Cultivador', 'bruno.ortiz@email.com',     1320.00, '$2b$10$z5ypL0dS/Va7bQxXZrX8SOHeH0LaQsmkZbzD1kPUzobp5g65h7.B2', NULL),
('Valentina Mora',  'Cultivador', 'valentina.mora@email.com',  1430.00, '$2b$10$z5ypL0dS/Va7bQxXZrX8SOHeH0LaQsmkZbzD1kPUzobp5g65h7.B2', NULL),
('Diego Cordero',   'Cultivador', 'diego.cordero@email.com',   1170.00, '$2b$10$z5ypL0dS/Va7bQxXZrX8SOHeH0LaQsmkZbzD1kPUzobp5g65h7.B2', NULL),
('Isabel Rico',     'Cultivador', 'isabel.rico@email.com',     1250.00, '$2b$10$z5ypL0dS/Va7bQxXZrX8SOHeH0LaQsmkZbzD1kPUzobp5g65h7.B2', NULL),
('Gabriel Pinto',   'Cultivador', 'gabriel.pinto@email.com',   1400.00, '$2b$10$z5ypL0dS/Va7bQxXZrX8SOHeH0LaQsmkZbzD1kPUzobp5g65h7.B2', NULL),
('Emma Molina',     'Cultivador', 'emma.molina@email.com',     1180.00, '$2b$10$z5ypL0dS/Va7bQxXZrX8SOHeH0LaQsmkZbzD1kPUzobp5g65h7.B2', NULL);


-- Datos Cliente
INSERT INTO Cliente (nombre, fechaNacimiento, email, direccion, contrasena_hash, imagen_cliente) VALUES
('Juan Pérez',             '1990-03-25', 'juan.perez@email.com',            'Calle de la tortosa, Llauri',                                    '$2b$10$z5ypL0dS/Va7bQxXZrX8SOHeH0LaQsmkZbzD1kPUzobp5g65h7.B2', NULL),
('Sara García',            '1954-11-13', 'sara.garcia@example.com',         'Calle de la tortosa 79, Benifaió',                               '$2b$10$z5ypL0dS/Va7bQxXZrX8SOHeH0LaQsmkZbzD1kPUzobp5g65h7.B2', NULL),
('Miguel Gómez',           '1969-01-23', 'miguel.gomez@example.com',        'Calle de la tortosa 104, Turís',                                 '$2b$10$z5ypL0dS/Va7bQxXZrX8SOHeH0LaQsmkZbzD1kPUzobp5g65h7.B2', NULL),
('Isabel Gómez',           '1976-09-09', 'isabel.gomez@example.com',        'Calle de la tortosa 76, Xeraco',                                 '$2b$10$z5ypL0dS/Va7bQxXZrX8SOHeH0LaQsmkZbzD1kPUzobp5g65h7.B2', NULL),
('Juan Gómez',             '1989-04-19', 'juan.gomez@example.com',          'Calle de la tortosa 108, Alzira',                                '$2b$10$z5ypL0dS/Va7bQxXZrX8SOHeH0LaQsmkZbzD1kPUzobp5g65h7.B2', NULL),
('Ana Martín',             '2002-07-21', 'ana.martin@example.com',          'Calle de la tortosa 90, Llaurí',                                 '$2b$10$z5ypL0dS/Va7bQxXZrX8SOHeH0LaQsmkZbzD1kPUzobp5g65h7.B2', NULL),
('Patricia García',        '1977-01-23', 'patricia.garcia@example.com',     'Calle de la tortosa 69, Carcaixent',                             '$2b$10$z5ypL0dS/Va7bQxXZrX8SOHeH0LaQsmkZbzD1kPUzobp5g65h7.B2', NULL),
('José Martín',            '1967-05-27', 'jose.martin@example.com',         'Calle de la tortosa 59, Benicull de Xúquer',                     '$2b$10$z5ypL0dS/Va7bQxXZrX8SOHeH0LaQsmkZbzD1kPUzobp5g65h7.B2', NULL),
('José Jiménez',           '1976-07-23', 'jose.jimenez@example.com',        'Calle de la tortosa 121, Miramar',                               '$2b$10$z5ypL0dS/Va7bQxXZrX8SOHeH0LaQsmkZbzD1kPUzobp5g65h7.B2', NULL),
('Nuria Rodríguez',        '1986-05-21', 'nuria.rodriguez@example.com',     'Calle de la tortosa 98, Tavernes de la Valldigna',               '$2b$10$z5ypL0dS/Va7bQxXZrX8SOHeH0LaQsmkZbzD1kPUzobp5g65h7.B2', NULL),
('María Martín',           '1999-12-23', 'maria.martin@example.com',        'Calle de la tortosa 63, Algemesí',                               '$2b$10$z5ypL0dS/Va7bQxXZrX8SOHeH0LaQsmkZbzD1kPUzobp5g65h7.B2', NULL),
('Lucía Rodríguez',        '2005-12-05', 'lucia.rodriguez@example.com',     'Calle de la tortosa 34, Favara',                                 '$2b$10$z5ypL0dS/Va7bQxXZrX8SOHeH0LaQsmkZbzD1kPUzobp5g65h7.B2', NULL),
('Carlos Martínez',        '1967-06-26', 'carlos.martinez@example.com',     'Calle de la tortosa 134, Algemesí',                              '$2b$10$z5ypL0dS/Va7bQxXZrX8SOHeH0LaQsmkZbzD1kPUzobp5g65h7.B2', NULL),
('Raúl Jiménez',           '1969-01-01', 'raul.jimenez@example.com',        'Calle de la tortosa 5, Carcaixent',                              '$2b$10$z5ypL0dS/Va7bQxXZrX8SOHeH0LaQsmkZbzD1kPUzobp5g65h7.B2', NULL),
('Pedro López',            '1959-09-28', 'pedro.lopez@example.com',         'Calle de la tortosa 116, Alberic',                               '$2b$10$z5ypL0dS/Va7bQxXZrX8SOHeH0LaQsmkZbzD1kPUzobp5g65h7.B2', NULL),
('Francisco Martín',       '1978-05-08', 'francisco.martin@example.com',    'Calle de la tortosa 46, Miramar',                                '$2b$10$z5ypL0dS/Va7bQxXZrX8SOHeH0LaQsmkZbzD1kPUzobp5g65h7.B2', NULL),
('José Sánchez',           '1980-11-02', 'jose.sanchez@example.com',        'Calle de la tortosa 82, Cullera',                                '$2b$10$z5ypL0dS/Va7bQxXZrX8SOHeH0LaQsmkZbzD1kPUzobp5g65h7.B2', NULL),
('Laura Ruiz',             '1955-07-19', 'laura.ruiz@example.com',          'Calle de la tortosa 155, Montserrat',                            '$2b$10$z5ypL0dS/Va7bQxXZrX8SOHeH0LaQsmkZbzD1kPUzobp5g65h7.B2', NULL),
('David García',           '1960-10-14', 'david.garcia@example.com',        'Calle de la tortosa 14, Sueca',                                  '$2b$10$z5ypL0dS/Va7bQxXZrX8SOHeH0LaQsmkZbzD1kPUzobp5g65h7.B2', NULL),
('Fernando Martín',        '1975-02-25', 'fernando.martin@example.com',     'Calle de la tortosa 99, Polinyà de Xúquer',                      '$2b$10$z5ypL0dS/Va7bQxXZrX8SOHeH0LaQsmkZbzD1kPUzobp5g65h7.B2', NULL),
('Rosa López',             '1984-06-30', 'rosa.lopez@example.com',          'Calle de la tortosa 27, Carlet',                                 '$2b$10$z5ypL0dS/Va7bQxXZrX8SOHeH0LaQsmkZbzD1kPUzobp5g65h7.B2', NULL),
('Antonio Fernández',      '1951-01-12', 'antonio.fernandez@example.com',   'Calle de la tortosa 48, Alginet',                                '$2b$10$z5ypL0dS/Va7bQxXZrX8SOHeH0LaQsmkZbzD1kPUzobp5g65h7.B2', NULL),
('Carmen Ruiz',            '1988-03-17', 'carmen.ruiz@example.com',         'Calle de la tortosa 113, Llaurí',                                '$2b$10$z5ypL0dS/Va7bQxXZrX8SOHeH0LaQsmkZbzD1kPUzobp5g65h7.B2', NULL),
('Arturo Gómez',           '1963-12-05', 'arturo.gomez@example.com',        'Calle de la tortosa 37, Riola',                                  '$2b$10$z5ypL0dS/Va7bQxXZrX8SOHeH0LaQsmkZbzD1kPUzobp5g65h7.B2', NULL),
('Pilar Martín',           '1995-09-07', 'pilar.martin@example.com',        'Calle de la tortosa 67, Turís',                                  '$2b$10$z5ypL0dS/Va7bQxXZrX8SOHeH0LaQsmkZbzD1kPUzobp5g65h7.B2', NULL),
('Sonia García',           '1989-05-10', 'sonia.garcia@example.com',        'Calle de la tortosa 104, Algemesí',                              '$2b$10$z5ypL0dS/Va7bQxXZrX8SOHeH0LaQsmkZbzD1kPUzobp5g65h7.B2', NULL),
('Beatriz López',          '1974-10-12', 'beatriz.lopez@example.com',       'Calle de la tortosa 20, Xeraco',                                 '$2b$10$z5ypL0dS/Va7bQxXZrX8SOHeH0LaQsmkZbzD1kPUzobp5g65h7.B2', NULL),
('Jorge Sánchez',          '2000-08-08', 'jorge.sanchez@example.com',       'Calle de la tortosa 58, Cullera',                                '$2b$10$z5ypL0dS/Va7bQxXZrX8SOHeH0LaQsmkZbzD1kPUzobp5g65h7.B2', NULL),
('Marta González',         '1982-04-22', 'marta.gonzalez@example.com',      'Calle de la tortosa 132, Gandia',                                '$2b$10$z5ypL0dS/Va7bQxXZrX8SOHeH0LaQsmkZbzD1kPUzobp5g65h7.B2', NULL),
('Lucía Martín',           '1957-08-29', 'lucia.martin@example.com',        'Calle de la tortosa 61, Favara',                                 '$2b$10$z5ypL0dS/Va7bQxXZrX8SOHeH0LaQsmkZbzD1kPUzobp5g65h7.B2', NULL),
('Francisco López',        '1973-07-26', 'francisco.lopez@example.com',     'Calle de la tortosa 179, Miramar',                               '$2b$10$z5ypL0dS/Va7bQxXZrX8SOHeH0LaQsmkZbzD1kPUzobp5g65h7.B2', NULL),
('Rafael García',          '1950-02-15', 'rafael.garcia@example.com',       'Calle de la tortosa 73, Albalat de la Ribera',                   '$2b$10$z5ypL0dS/Va7bQxXZrX8SOHeH0LaQsmkZbzD1kPUzobp5g65h7.B2', NULL),
('Natalia Rodríguez',      '1966-09-23', 'natalia.rodriguez@example.com',   'Calle de la tortosa 143, Corbera',                               '$2b$10$z5ypL0dS/Va7bQxXZrX8SOHeH0LaQsmkZbzD1kPUzobp5g65h7.B2', NULL),
('Diego Sánchez',          '1962-11-11', 'diego.sanchez@example.com',       'Calle de la tortosa 19, Cullera',                                '$2b$10$z5ypL0dS/Va7bQxXZrX8SOHeH0LaQsmkZbzD1kPUzobp5g65h7.B2', NULL),
('Emma Ruiz',              '1987-12-09', 'emma.ruiz@example.com',           'Calle de la tortosa 154, Carcaixent',                            '$2b$10$z5ypL0dS/Va7bQxXZrX8SOHeH0LaQsmkZbzD1kPUzobp5g65h7.B2', NULL),
('Isabel García',          '1966-08-21', 'isabel.garcia@example.com',       'Calle de la tortosa 36, Montserrat',                             '$2b$10$z5ypL0dS/Va7bQxXZrX8SOHeH0LaQsmkZbzD1kPUzobp5g65h7.B2', NULL),
('Lucas Martín',           '2003-03-15', 'lucas.martin@example.com',        'Calle de la tortosa 29, Riola',                                  '$2b$10$z5ypL0dS/Va7bQxXZrX8SOHeH0LaQsmkZbzD1kPUzobp5g65h7.B2', NULL),
('Ana López',              '1958-05-23', 'ana.lopez@example.com',           'Calle de la tortosa 88, Sueca',                                  '$2b$10$z5ypL0dS/Va7bQxXZrX8SOHeH0LaQsmkZbzD1kPUzobp5g65h7.B2', NULL),
('Carlos García',          '1971-01-30', 'carlos.garcia@example.com',       'Calle de la tortosa 105, Gavarda',                               '$2b$10$z5ypL0dS/Va7bQxXZrX8SOHeH0LaQsmkZbzD1kPUzobp5g65h7.B2', NULL),
('María Rodríiguez',       '1985-10-19', 'maria.rodriguez@example.com',     'Calle de la tortosa 12, Bellreguard',                            '$2b$10$z5ypL0dS/Va7bQxXZrX8SOHeH0LaQsmkZbzD1kPUzobp5g65h7.B2', NULL),
('Pedro Ruiz',             '1992-04-04', 'pedro.ruiz@example.com',          'Calle de la tortosa 147, Benifaió',                              '$2b$10$z5ypL0dS/Va7bQxXZrX8SOHeH0LaQsmkZbzD1kPUzobp5g65h7.B2', NULL),
('Laura Martín',           '1964-06-06', 'laura.martin@example.com',        'Calle de la tortosa 33, Barx',                                   '$2b$10$z5ypL0dS/Va7bQxXZrX8SOHeH0LaQsmkZbzD1kPUzobp5g65h7.B2', NULL),
('José García',            '1953-03-21', 'jose.garcia@example.com',         'Calle de la tortosa 77, Turís',                                  '$2b$10$z5ypL0dS/Va7bQxXZrX8SOHeH0LaQsmkZbzD1kPUzobp5g65h7.B2', NULL),
('Sara López',             '1972-11-15', 'sara.lopez@example.com',          'Calle de la tortosa 91, Sueca',                                  '$2b$10$z5ypL0dS/Va7bQxXZrX8SOHeH0LaQsmkZbzD1kPUzobp5g65h7.B2', NULL),
('Juan Ruiz',              '1981-08-02', 'juan.ruiz@example.com',           'Calle de la tortosa 102, Sollana',                               '$2b$10$z5ypL0dS/Va7bQxXZrX8SOHeH0LaQsmkZbzD1kPUzobp5g65h7.B2', NULL),
('Ana García',             '1976-09-23', 'ana.garcia36@example.com',        'Calle de la tortosa 143, Corbera',                               '$2b$10$z5ypL0dS/Va7bQxXZrX8SOHeH0LaQsmkZbzD1kPUzobp5g65h7.B2', NULL),
('Jorge Rodríguez',        '2004-05-15', 'jorge.rodriguez@example.com',     'Calle de la tortosa 154, Carlet',                                '$2b$10$z5ypL0dS/Va7bQxXZrX8SOHeH0LaQsmkZbzD1kPUzobp5g65h7.B2', NULL),
('Elena Ruiz',             '1967-12-19', 'elena.ruiz@example.com',          'Calle de la tortosa 82, Barx',                                   '$2b$10$z5ypL0dS/Va7bQxXZrX8SOHeH0LaQsmkZbzD1kPUzobp5g65h7.B2', NULL),
('Sonia Martín',           '1989-05-10', 'sonia.martin@example.com',        'Calle de la tortosa 104, Algemesí',                              '$2b$10$z5ypL0dS/Va7bQxXZrX8SOHeH0LaQsmkZbzD1kPUzobp5g65h7.B2', NULL),
('Pilar García',           '1952-05-31', 'pilar.garcia@example.com',        'Calle de la tortosa 74, Gandia',                                 '$2b$10$z5ypL0dS/Va7bQxXZrX8SOHeH0LaQsmkZbzD1kPUzobp5g65h7.B2', NULL),
('Fernando García',        '1989-07-09', 'fernando.garcia61@example.com',   'Calle de la tortosa 104, Turís',                                 '$2b$10$z5ypL0dS/Va7bQxXZrX8SOHeH0LaQsmkZbzD1kPUzobp5g65h7.B2', NULL),
('Pedro Sánchez',          '1950-06-21', 'pedro.sanchez@example.com',       'Calle de la tortosa 190, Carlet',                                '$2b$10$z5ypL0dS/Va7bQxXZrX8SOHeH0LaQsmkZbzD1kPUzobp5g65h7.B2', NULL),
('Rosa Martín',            '1973-04-15', 'rosa.martin@example.com',         'Calle de la tortosa 39, Bellreguard',                            '$2b$10$z5ypL0dS/Va7bQxXZrX8SOHeH0LaQsmkZbzD1kPUzobp5g65h7.B2', NULL),
('Beatriz Martín',         '1974-10-12', 'beatriz.martin@example.com',      'Calle de la tortosa 20, Xeraco',                                 '$2b$10$z5ypL0dS/Va7bQxXZrX8SOHeH0LaQsmkZbzD1kPUzobp5g65h7.B2', NULL),
('Javier Navarro',         '1991-09-04', 'javier.navarro@example.com',      'Calle de la tortosa 195, Tavernes de la Valldigna',              '$2b$10$z5ypL0dS/Va7bQxXZrX8SOHeH0LaQsmkZbzD1kPUzobp5g65h7.B2', NULL),
('Miguel Navarro',         '1987-03-29', 'miguel.navarro@example.com',      'Calle de la tortosa 145, Xeresa',                                '$2b$10$z5ypL0dS/Va7bQxXZrX8SOHeH0LaQsmkZbzD1kPUzobp5g65h7.B2', NULL),
('Lucía Navarro',          '1951-12-27', 'lucia.navarro@example.com',       'Calle de la tortosa 80, Fortaleny',                              '$2b$10$z5ypL0dS/Va7bQxXZrX8SOHeH0LaQsmkZbzD1kPUzobp5g65h7.B2', NULL),
('Antonio Hernández',      '1959-11-21', 'antonio.hernandez@example.com',   'Calle de la tortosa 132, Carcaixent',                            '$2b$10$z5ypL0dS/Va7bQxXZrX8SOHeH0LaQsmkZbzD1kPUzobp5g65h7.B2', NULL),
('Clara Navarro',          '1993-04-08', 'clara.navarro@example.com',       'Calle de la tortosa 126, Algemesí',                              '$2b$10$z5ypL0dS/Va7bQxXZrX8SOHeH0LaQsmkZbzD1kPUzobp5g65h7.B2', NULL),
('Javier Gil',             '2004-10-03', 'javier.gil@example.com',          'Calle de la tortosa 124, Alberic',                               '$2b$10$z5ypL0dS/Va7bQxXZrX8SOHeH0LaQsmkZbzD1kPUzobp5g65h7.B2', NULL),
('Diego Pérez',            '1968-04-03', 'diego.perez@example.com',         'Calle de la tortosa 14, Corbera',                                '$2b$10$z5ypL0dS/Va7bQxXZrX8SOHeH0LaQsmkZbzD1kPUzobp5g65h7.B2', NULL),
('Mario Gil',              '1999-05-17', 'mario.gil@example.com',           'Calle de la tortosa 11, Barx',                                   '$2b$10$z5ypL0dS/Va7bQxXZrX8SOHeH0LaQsmkZbzD1kPUzobp5g65h7.B2', NULL),
('Lucas Ortega',           '2005-03-05', 'lucas.ortega@example.com',        'Calle de la tortosa 131, Ador',                                  '$2b$10$z5ypL0dS/Va7bQxXZrX8SOHeH0LaQsmkZbzD1kPUzobp5g65h7.B2', NULL),
('Diego Pérez',            '1957-10-27', 'diego.perez60@example.com',       'Calle de la tortosa 70, Algemesí',                               '$2b$10$z5ypL0dS/Va7bQxXZrX8SOHeH0LaQsmkZbzD1kPUzobp5g65h7.B2', NULL),
('Alba Gil',               '1982-03-05', 'alba.gil@example.com',            'Calle de la tortosa 75, Xeraco',                                 '$2b$10$z5ypL0dS/Va7bQxXZrX8SOHeH0LaQsmkZbzD1kPUzobp5g65h7.B2', NULL),
('Manuel Molina',          '1952-05-24', 'manuel.molina@example.com',       'Calle de la tortosa 16, Sueca',                                  '$2b$10$z5ypL0dS/Va7bQxXZrX8SOHeH0LaQsmkZbzD1kPUzobp5g65h7.B2', NULL),
('Fernando Santiago',      '1961-08-24', 'fernando.santiago@example.com',   'Calle de la tortosa 189, Carlet',                                '$2b$10$z5ypL0dS/Va7bQxXZrX8SOHeH0LaQsmkZbzD1kPUzobp5g65h7.B2', NULL),
('Miguel Pérez',           '1959-05-25', 'miguel.perez@example.com',        'Calle de la tortosa 187, Ador',                                  '$2b$10$z5ypL0dS/Va7bQxXZrX8SOHeH0LaQsmkZbzD1kPUzobp5g65h7.B2', NULL),
('Mario Castillo',         '1998-02-23', 'mario.castillo@example.com',      'Calle de la tortosa 71, Carlet',                                 '$2b$10$z5ypL0dS/Va7bQxXZrX8SOHeH0LaQsmkZbzD1kPUzobp5g65h7.B2', NULL),
('Clara Hernández',        '1972-02-29', 'clara.hernandez@example.com',     'Calle de la tortosa 64, Montserrat',                             '$2b$10$z5ypL0dS/Va7bQxXZrX8SOHeH0LaQsmkZbzD1kPUzobp5g65h7.B2', NULL),
('Ignacio Navarro',        '1982-12-29', 'ignacio.navarro@example.com',     'Calle de la tortosa 86, Xeraco',                                 '$2b$10$z5ypL0dS/Va7bQxXZrX8SOHeH0LaQsmkZbzD1kPUzobp5g65h7.B2', NULL),
('Javier Hernández',       '1955-05-02', 'javier.hernandez@example.com',    'Calle de la tortosa 93, Bellreguard',                            '$2b$10$z5ypL0dS/Va7bQxXZrX8SOHeH0LaQsmkZbzD1kPUzobp5g65h7.B2', NULL),
('Sara Ortega',            '1990-03-15', 'sara.ortega@example.com',         'Calle de la tortosa 3, Cullera',                                 '$2b$10$z5ypL0dS/Va7bQxXZrX8SOHeH0LaQsmkZbzD1kPUzobp5g65h7.B2', NULL),
('Irene Hernández',        '1987-06-23', 'irene.hernandez@example.com',     'Calle de la tortosa 131, Almussafes',                            '$2b$10$z5ypL0dS/Va7bQxXZrX8SOHeH0LaQsmkZbzD1kPUzobp5g65h7.B2', NULL),
('Laura Navarro',          '1957-11-25', 'laura.navarro@example.com',       'Calle de la tortosa 183, Carcaixent',                            '$2b$10$z5ypL0dS/Va7bQxXZrX8SOHeH0LaQsmkZbzD1kPUzobp5g65h7.B2', NULL),
('Raúl Hernández',         '2002-07-27', 'raul.hernandez@example.com',      'Calle de la tortosa 122, Barx',                                  '$2b$10$z5ypL0dS/Va7bQxXZrX8SOHeH0LaQsmkZbzD1kPUzobp5g65h7.B2', NULL),
('Eduardo Hernández',      '1962-12-07', 'eduardo.hernandez90@example.com', 'Calle de la tortosa 182, Alginet',                               '$2b$10$z5ypL0dS/Va7bQxXZrX8SOHeH0LaQsmkZbzD1kPUzobp5g65h7.B2', NULL),
('Beatriz Ruiz',           '2004-06-19', 'beatriz.ruiz@example.com',        'Calle de la tortosa 51, Cullera',                                '$2b$10$z5ypL0dS/Va7bQxXZrX8SOHeH0LaQsmkZbzD1kPUzobp5g65h7.B2', NULL),
('Cristina Pérez',         '1971-12-02', 'cristina.perez@example.com',      'Calle de la tortosa 137, Carlet',                                '$2b$10$z5ypL0dS/Va7bQxXZrX8SOHeH0LaQsmkZbzD1kPUzobp5g65h7.B2', NULL),
('Fernando Ortega',        '1989-01-27', 'fernando.ortega@example.com',     'Calle de la tortosa 175, Daimús',                                '$2b$10$z5ypL0dS/Va7bQxXZrX8SOHeH0LaQsmkZbzD1kPUzobp5g65h7.B2', NULL),
('Paula Molina',           '1968-01-31', 'paula.molina93@example.com',      'Calle de la tortosa 125, Sueca',                                 '$2b$10$z5ypL0dS/Va7bQxXZrX8SOHeH0LaQsmkZbzD1kPUzobp5g65h7.B2', NULL),
('Adrián Ortega',          '1978-06-16', 'adrian.ortega@example.com',       'Calle de la tortosa 187, Ador',                                  '$2b$10$z5ypL0dS/Va7bQxXZrX8SOHeH0LaQsmkZbzD1kPUzobp5g65h7.B2', NULL),
('Laura Hernández',        '1971-04-11', 'laura.hernandez@example.com',     'Calle de la tortosa 121, Sueca',                                 '$2b$10$z5ypL0dS/Va7bQxXZrX8SOHeH0LaQsmkZbzD1kPUzobp5g65h7.B2', NULL),
('Antonio Hernández',      '2000-09-15', 'antonio.hernandez8@example.com',  'Calle de la tortosa 163, Polinyà de Xúquer',                     '$2b$10$z5ypL0dS/Va7bQxXZrX8SOHeH0LaQsmkZbzD1kPUzobp5g65h7.B2', NULL);

-- Datos Producto
INSERT INTO Producto (nombre, tipo, contenidoTHC, contenidoCBD, precio, stock, imagen_producto) VALUES 
('SemillaSinSeleccionar', 'semilla', 18.5, 0.2, 15.99, 100, NULL),
('SemillaSelecionadaNormal', 'semilla', 18.5, 0.2, 22.45, 180, NULL),
('SemillaSelecionadaPremium', 'semilla', 18.5, 0.2, 40.97, 25, NULL),
('LamparaBasicaPersonal', 'Artilujos', 18.5, 0.2, 20.97, 15, NULL),
('LamparaPersonal', 'Artilujos', 18.5, 0.2, 24.97, 18, NULL),
('LamparaIndustrialBasica', 'Artilujos', 18.5, 0.2, 100.97, 15, NULL),
('LamparaIndustrial', 'Artilujos', 18.5, 0.2, 170.97, 15, NULL),
('LamparaIndustrialGrande', 'Artilujos', 18.5, 0.2, 365.97, 15, NULL),
('PaqueteIndustriaBasico', 'Paquete', 18.5, 0.2, 752.97, 3, NULL),
('PaquetePersonalBasico', 'Paquete', 18.5, 0.2, 60.97, 15, NULL),
('PaquetePersonal', 'Paquete', 18.5, 0.2, 69.97, 15, NULL),
('PaquetePersonalCompleto', 'Paquete', 18.5, 0.2, 123.00, 15, NULL),
('CamisaBasicaNegra', 'ropa', 18.5, 0.2, 12.97, 15, NULL),
('CamisaBasicaBlanca', 'ropa', 18.5, 0.2, 12.47, 15, NULL),
('PantalonEmpresa', 'ropa', 18.5, 0.2, 19.97, 55, NULL),
('Abono', 'recurso', 18.5, 0.2, 12.97, 15, NULL),
('Agua5Litro', 'recurso', 18.5, 0.2, 3.97, 15, NULL),
('Agua25Litro', 'recurso', 18.5, 0.2, 14.97, 15, NULL),
('Agua100Litro', 'recurso', 18.5, 0.2, 90.97, 15, NULL),
('SemillaSelecionadaBascica', 'semilla', 18.5, 0.2, 18.95, 150, NULL),
('Gominolas CBD Fresa', 'comestible', 0.0, 15.0, 24.95, 60, NULL),
('Gominolas CBD Multivitaminas', 'comestible', 0.0, 10.0, 15.00, 50, NULL),
('Gominolas CBD con Melatonina', 'comestible', 0.0, 10.0, 19.90, 40, NULL),
('Gominolas CBD Frutas Mixtas', 'comestible', 0.0, 15.0, 25.00, 55, NULL),
('Gominolas CBD Veganas', 'comestible', 0.0, 15.0, 22.00, 45, NULL),
('Gominolas CBD Sleep', 'comestible', 0.0, 10.0, 18.50, 35, NULL),
('Gominolas CBD Energy', 'comestible', 0.0, 15.0, 20.00, 30, NULL),
('Chicles CBD Menta', 'comestible', 0.0, 10.0, 8.95, 100, NULL),
('Chicles CBD Grosella Negra', 'comestible', 0.0, 10.0, 9.50, 90, NULL),
('Chicles CBD Mango', 'comestible', 0.0, 10.0, 9.95, 80, NULL),
('Chicles CBD Sabor Fresa', 'comestible', 0.0, 10.0, 9.90, 85, NULL),
('Chicles CBD Nordic Oil', 'comestible', 0.0, 10.0, 8.95, 95, NULL),
('Chicles CBD Sensi Seeds', 'comestible', 0.0, 5.0, 7.50, 70, NULL),
('Chicles CBD Sin Azúcar', 'comestible', 0.0, 10.0, 9.00, 60, NULL),
('Chicles CBD con Vitaminas', 'comestible', 0.0, 10.0, 10.50, 50, NULL),
('Aceite CBD Relax 10%', 'aceite', 0.0, 10.0, 29.90, 40, NULL),
('Aceite CBD Sport 5%', 'aceite', 0.0, 5.0, 19.90, 60, NULL),
('Infusión CBD Menta', 'comestible', 0.0, 12.0, 14.50, 50, NULL),
('Infusión CBD Manzanilla', 'comestible', 0.0, 10.0, 14.50, 55, NULL),
('Spray CBD Bucal', 'comestible', 0.0, 15.0, 24.95, 40, NULL),
('Vela CBD Lavanda', 'cosmético', 0.0, 10.0, 12.95, 30, NULL),
('Vela CBD Vainilla', 'cosmético', 0.0, 10.0, 12.95, 35, NULL),
('Crema CBD Hidratante', 'cosmético', 0.0, 8.0, 18.90, 25, NULL),
('Bálsamo CBD Labial', 'cosmético', 0.0, 5.0, 6.90, 45, NULL),
('Jabón CBD Natural', 'cosmético', 0.0, 7.0, 5.95, 50, NULL),
('Jabón CBD Exfoliante', 'cosmético', 0.0, 7.5, 6.95, 50, NULL),
('Cápsulas CBD 10mg', 'comestible', 0.0, 10.0, 21.90, 60, NULL),
('Cápsulas CBD 25mg', 'comestible', 0.0, 25.0, 39.90, 40, NULL),
('Barrita Energética CBD', 'comestible', 0.0, 12.0, 3.50, 80, NULL),
('Snack Proteico CBD', 'comestible', 0.0, 15.0, 4.50, 70, NULL),
('Agua CBD 500ml', 'bebida', 0.0, 5.0, 2.50, 100, NULL),
('Té Verde CBD', 'bebida', 0.0, 8.0, 3.95, 80, NULL),
('Refresco CBD Citrus', 'bebida', 0.0, 7.0, 3.25, 90, NULL),
('Café CBD Instantáneo', 'bebida', 0.0, 10.0, 5.90, 60, NULL),
('Chocolate Negro CBD 70%', 'comestible', 0.0, 12.0, 6.50, 70, NULL),
('Chocolate con Leche CBD', 'comestible', 0.0, 10.0, 6.00, 65, NULL),
('Spray Nasal CBD', 'cosmético', 0.0, 10.0, 9.90, 40, NULL),
('Loción Corporal CBD', 'cosmético', 0.0, 10.0, 15.90, 30, NULL),
('Desodorante CBD', 'cosmético', 0.0, 5.0, 8.50, 50, NULL),
('Aceite CBD para Mascotas', 'mascotas', 0.0, 5.0, 18.95, 30, NULL),
('Snack CBD para Perros', 'mascotas', 0.0, 3.0, 7.90, 40, NULL),
('Snack CBD para Gatos', 'mascotas', 0.0, 2.5, 6.90, 35, NULL),
('Aceite de Cocina con CBD', 'comestible', 0.0, 10.0, 11.90, 50, NULL),
('Miel con CBD', 'comestible', 0.0, 12.0, 9.95, 45, NULL),
('Galletas CBD Chocolate', 'comestible', 0.0, 10.0, 4.95, 70, NULL),
('Panecillos CBD Integrales', 'comestible', 0.0, 8.0, 3.95, 60, NULL),
('Lubricante CBD Íntimo', 'cosmético', 0.0, 5.0, 10.90, 30, NULL),
('Spray Calmante CBD', 'cosmético', 0.0, 7.0, 13.50, 30, NULL),
('Perfume CBD Floral', 'cosmético', 0.0, 3.0, 19.90, 20, NULL),
('Ambientador CBD Natural', 'cosmético', 0.0, 4.0, 6.95, 40, NULL),
('Cera CBD Barba', 'cosmético', 0.0, 5.0, 8.90, 25, NULL),
('Pomada CBD Muscular', 'cosmético', 0.0, 10.0, 14.90, 30, NULL),
('Kit Cultivo Personal', 'Paquete', 15.0, 0.5, 49.90, 20, NULL),
('Kit Cultivo Profesional', 'Paquete', 18.0, 0.5, 119.90, 10, NULL),
('Foco LED 200W', 'Artilujos', 0.0, 0.0, 89.90, 12, NULL),
('Extractor de Aire 250mm', 'Artilujos', 0.0, 0.0, 75.90, 8, NULL),
('Maceta de Tela 10L', 'Artilujos', 0.0, 0.0, 2.95, 100, NULL),
('Temporizador Analógico', 'Artilujos', 0.0, 0.0, 9.50, 40, NULL),
('CBDildo', 'Artilujos', 0.0, 0.0, 0.50, 40, NULL),
('CBDildo liquido', 'cosmético', 0.0, 0.0, 10.50, 40, NULL);

-- Datos Regulacion
INSERT INTO Regulacion (descripcion) VALUES
  ('Los productos de cannabis destinados a uso tópico no deben contener más del 0,2% de THC.'),
  ('Está prohibida la venta de productos comestibles con cannabinoides, como gominolas o chocolates.'),
  ('El CBD solo puede comercializarse en España para uso cosmético o tópico, no para consumo oral.'),
  ('El cultivo de cáñamo industrial está permitido si la variedad contiene menos del 0,2% de THC.'),
  ('Los productos derivados del cannabis deben estar correctamente etiquetados, indicando el contenido de THC y CBD.'),
  ('Los productos de CBD no pueden publicitarse con propiedades terapéuticas o medicinales.'),
  ('La venta de productos de cannabis está prohibida en las inmediaciones de centros educativos.'),
  ('Los productos de cannabis deben cumplir con las normativas de seguridad y calidad establecidas por la AEMPS.'),
  ('La comercialización de flores de cannabis para consumo humano está prohibida en España.'),
  ('Los productos de cannabis deben incluir advertencias sobre su uso y mantenerlos fuera del alcance de los niños.');

-- Datos Vehiculos
INSERT INTO Vehiculo (matricula, color, conductor_id, marca, estado, kilometros_totales, consumo_100km, cv_motor) VALUES
('1234ABC', 'Rojo', 1, 'Toyota', 'Activo', 120000, 6.5, 90),
('2345BCD', 'Azul', 2, 'Renault', 'En mantenimiento', 95000, 5.8, 85),
('3456CDE', 'Negro', 3, 'Ford', 'Activo', 130000, 7.0, 110),
('4567DEF', 'Blanco', 4, 'Peugeot', 'Activo', 78000, 6.2, 95),
('5678EFG', 'Gris', 5, 'Citroën', 'Fuera de servicio', 143000, 7.3, 100),
('6789FGH', 'Verde', 6, 'Nissan', 'Activo', 81000, 6.1, 105),
('7890GHI', 'Amarillo', 7, 'Hyundai', 'En mantenimiento', 67000, 5.5, 88),
('8901HIJ', 'Rojo', 8, 'Kia', 'Activo', 74000, 6.0, 92),
('9012IJK', 'Negro', 9, 'Volkswagen', 'Activo', 88000, 6.7, 99),
('0123JKL', 'Azul', 10, 'Seat', 'Fuera de servicio', 110000, 7.1, 103),
('1123KLM', 'Blanco', 11, 'Toyota', 'Activo', 69000, 5.9, 90),
('1223LMN', 'Gris', 12, 'Ford', 'Activo', 85000, 6.4, 102),
('1323MNO', 'Verde', 13, 'Peugeot', 'En mantenimiento', 92000, 6.6, 98),
('1423NOP', 'Amarillo', 14, 'Renault', 'Activo', 57000, 5.7, 87),
('1523OPQ', 'Negro', 15, 'Citroën', 'Activo', 76000, 6.3, 100),
('1623PQR', 'Rojo', 16, 'Nissan', 'Fuera de servicio', 135000, 7.5, 108),
('1723QRS', 'Azul', 17, 'Kia', 'Activo', 62000, 5.6, 91),
('1823RST', 'Gris', 18, 'Volkswagen', 'En mantenimiento', 97000, 6.8, 96),
('1923STU', 'Blanco', 19, 'Seat', 'Activo', 83000, 6.0, 99),
('2023TUV', 'Verde', 20, 'Hyundai', 'Activo', 59000, 5.4, 86),
('2123UVW', 'Rojo', 21, 'Toyota', 'En mantenimiento', 102000, 6.9, 94),
('2223VWX', 'Negro', 22, 'Ford', 'Activo', 77000, 6.1, 89),
('2323WXY', 'Amarillo', 23, 'Peugeot', 'Activo', 88000, 6.3, 97),
('2423XYZ', 'Gris', 24, 'Renault', 'Fuera de servicio', 142000, 7.4, 106),
('2523YZA', 'Blanco', 25, 'Citroën', 'Activo', 65000, 5.8, 88),
('2623ZAB', 'Azul', 26, 'Nissan', 'Activo', 78000, 6.2, 91),
('2723ABC', 'Negro', 27, 'Hyundai', 'En mantenimiento', 99000, 6.6, 93),
('2823BCD', 'Rojo', 28, 'Kia', 'Activo', 73000, 6.0, 90),
('2923CDE', 'Verde', 29, 'Volkswagen', 'Activo', 80000, 6.5, 95),
('3023DEF', 'Blanco', 30, 'Seat', 'Fuera de servicio', 120000, 7.2, 107),
('3131AAA', 'Rojo', 31, 'Toyota', 'Activo', 65000, 6.3, 88),
('3232BBB', 'Gris', 32, 'Ford', 'En mantenimiento', 102000, 7.0, 110),
('3333CCC', 'Negro', 33, 'Renault', 'Activo', 89000, 6.2, 100),
('3434DDD', 'Blanco', 34, 'Peugeot', 'Activo', 72000, 6.0, 95),
('3535EEE', 'Azul', 35, 'Citroën', 'Fuera de servicio', 140000, 7.5, 106),
('3636FFF', 'Amarillo', 36, 'Nissan', 'Activo', 60000, 5.8, 90),
('3737GGG', 'Verde', 37, 'Hyundai', 'En mantenimiento', 97000, 6.7, 96),
('3838HHH', 'Rojo', 38, 'Kia', 'Activo', 79000, 6.4, 93),
('3939III', 'Gris', 39, 'Volkswagen', 'Activo', 83000, 6.3, 94),
('4040JJJ', 'Negro', 40, 'Seat', 'Fuera de servicio', 123000, 7.1, 104),
('4141KKK', 'Blanco', 41, 'Toyota', 'Activo', 74000, 5.9, 92),
('4242LLL', 'Azul', 42, 'Ford', 'Activo', 91000, 6.6, 101),
('4343MMM', 'Verde', 43, 'Peugeot', 'En mantenimiento', 99000, 6.9, 99),
('4444NNN', 'Rojo', 44, 'Renault', 'Activo', 58000, 5.6, 87),
('4545OOO', 'Amarillo', 45, 'Citroën', 'Activo', 76000, 6.3, 89),
('4646PPP', 'Gris', 46, 'Nissan', 'Fuera de servicio', 137000, 7.6, 108),
('4747QQQ', 'Negro', 47, 'Kia', 'Activo', 69000, 5.7, 90),
('4848RRR', 'Blanco', 48, 'Volkswagen', 'En mantenimiento', 95000, 6.5, 95),
('4949SSS', 'Azul', 49, 'Seat', 'Activo', 86000, 6.1, 98),
('5050TTT', 'Verde', 50, 'Hyundai', 'Activo', 62000, 5.4, 85),
('5151UUU', 'Rojo', 51, 'Toyota', 'En mantenimiento', 100000, 6.8, 97),
('5252VVV', 'Gris', 52, 'Ford', 'Activo', 80000, 6.2, 93),
('5353WWW', 'Blanco', 53, 'Peugeot', 'Activo', 88000, 6.4, 99),
('5454XXX', 'Negro', 54, 'Renault', 'Fuera de servicio', 145000, 7.3, 107),
('5555YYY', 'Amarillo', 55, 'Citroën', 'Activo', 67000, 5.9, 86),
('5656ZZZ', 'Azul', 56, 'Nissan', 'Activo', 75000, 6.3, 92),
('5757AAB', 'Rojo', 57, 'Hyundai', 'En mantenimiento', 98000, 6.7, 95),
('5858BBC', 'Verde', 58, 'Kia', 'Activo', 71000, 6.0, 90),
('5959CCD', 'Blanco', 59, 'Volkswagen', 'Activo', 84000, 6.6, 96),
('6060DDE', 'Gris', 60, 'Seat', 'Fuera de servicio', 118000, 7.2, 105);

-- Datos Pedido
INSERT INTO Pedido (fecha, total, estado, cliente_id, empleado_id, vehiculo_matricula) VALUES
('2025-05-31', 50.00, 'Pendiente', 1, 5, '1234ABC'),
('2025-06-01', 55.00, 'Enviado',   2, 6, '2345BCD'),
('2025-06-02', 60.00, 'Entregado', 3, 7, '3456CDE'),
('2025-06-03', 65.00, 'Cancelado', 4, 8, '4567DEF'),
('2025-06-04', 70.00, 'Pendiente', 5, 9, '5678EFG'),
('2025-06-05', 75.00, 'Enviado',   6,10, '6789FGH'),
('2025-06-06', 80.00, 'Entregado', 7,11, '7890GHI'),
('2025-06-07', 85.00, 'Cancelado', 8,12, '8901HIJ'),
('2025-06-08', 90.00, 'Pendiente', 9,13, '9012IJK'),
('2025-06-09', 95.00, 'Enviado',   10,14,'0123JKL'),
('2025-06-10', 50.00, 'Entregado', 11,5, '1234ABC'),
('2025-06-11', 55.00, 'Cancelado', 12,6, '2345BCD'),
('2025-06-12', 60.00, 'Pendiente', 13,7, '3456CDE'),
('2025-06-13', 65.00, 'Enviado',   14,8, '4567DEF'),
('2025-06-14', 70.00, 'Entregado', 15,9, '5678EFG'),
('2025-06-15', 75.00, 'Cancelado', 16,10,'6789FGH'),
('2025-06-16', 80.00, 'Pendiente', 17,11,'7890GHI'),
('2025-06-17', 85.00, 'Enviado',   18,12,'8901HIJ'),
('2025-06-18', 90.00, 'Entregado', 19,13,'9012IJK'),
('2025-06-19', 95.00, 'Cancelado', 20,14,'0123JKL'),
('2025-06-20', 50.00, 'Pendiente', 1,5, '1234ABC'),
('2025-06-21', 55.00, 'Enviado',   2,6, '2345BCD'),
('2025-06-22', 60.00, 'Entregado', 3,7, '3456CDE'),
('2025-06-23', 65.00, 'Cancelado', 4,8, '4567DEF'),
('2025-06-24', 70.00, 'Pendiente', 5,9, '5678EFG'),
('2025-06-25', 75.00, 'Enviado',   6,10,'6789FGH'),
('2025-06-26', 80.00, 'Entregado', 7,11,'7890GHI'),
('2025-06-27', 85.00, 'Cancelado', 8,12,'8901HIJ'),
('2025-06-28', 90.00, 'Pendiente', 9,13,'9012IJK'),
('2025-06-29', 95.00, 'Enviado',   10,14,'0123JKL'),
('2025-06-30', 50.00, 'Entregado', 11,5, '1234ABC'),
('2025-07-01', 55.00, 'Cancelado', 12,6, '2345BCD'),
('2025-07-02', 60.00, 'Pendiente', 13,7, '3456CDE'),
('2025-07-03', 65.00, 'Enviado',   14,8, '4567DEF'),
('2025-07-04', 70.00, 'Entregado', 15,9, '5678EFG'),
('2025-07-05', 75.00, 'Cancelado', 16,10,'6789FGH'),
('2025-07-06', 80.00, 'Pendiente', 17,11,'7890GHI'),
('2025-07-07', 85.00, 'Enviado',   18,12,'8901HIJ'),
('2025-07-08', 90.00, 'Entregado', 19,13,'9012IJK'),
('2025-07-09', 95.00, 'Cancelado', 20,14,'0123JKL'),
('2025-07-10', 50.00, 'Pendiente', 1,5, '1234ABC'),
('2025-07-11', 55.00, 'Enviado',   2,6, '2345BCD'),
('2025-07-12', 60.00, 'Entregado', 3,7, '3456CDE'),
('2025-07-13', 65.00, 'Cancelado', 4,8, '4567DEF'),
('2025-07-14', 70.00, 'Pendiente', 5,9, '5678EFG'),
('2025-07-15', 75.00, 'Enviado',   6,10,'6789FGH'),
('2025-07-16', 80.00, 'Entregado', 7,11,'7890GHI'),
('2025-07-17', 85.00, 'Cancelado', 8,12,'8901HIJ'),
('2025-07-18', 90.00, 'Pendiente', 9,13,'9012IJK'),
('2025-07-19', 95.00, 'Enviado',   10,14,'0123JKL'),
('2025-07-20', 50.00, 'Entregado', 11,5, '1234ABC'),
('2025-07-21', 55.00, 'Cancelado', 12,6, '2345BCD'),
('2025-07-22', 60.00, 'Pendiente', 13,7, '3456CDE'),
('2025-07-23', 65.00, 'Enviado',   14,8, '4567DEF'),
('2025-07-24', 70.00, 'Entregado', 15,9, '5678EFG'),
('2025-07-25', 75.00, 'Cancelado', 16,10,'6789FGH'),
('2025-07-26', 80.00, 'Pendiente', 17,11,'7890GHI'),
('2025-07-27', 85.00, 'Enviado',   18,12,'8901HIJ'),
('2025-07-28', 90.00, 'Entregado', 19,13,'9012IJK'),
('2025-07-29', 95.00, 'Cancelado', 20,14,'0123JKL'),
('2025-07-30', 50.00, 'Pendiente', 1,5, '1234ABC'),
('2025-07-31', 55.00, 'Enviado',   2,6, '2345BCD'),
('2025-08-01', 60.00, 'Entregado', 3,7, '3456CDE'),
('2025-08-02', 65.00, 'Cancelado', 4,8, '4567DEF'),
('2025-08-03', 70.00, 'Pendiente', 5,9, '5678EFG'),
('2025-08-04', 75.00, 'Enviado',   6,10,'6789FGH'),
('2025-08-05', 80.00, 'Entregado', 7,11,'7890GHI'),
('2025-08-06', 85.00, 'Cancelado', 8,12,'8901HIJ'),
('2025-08-07', 90.00, 'Pendiente', 9,13,'9012IJK'),
('2025-08-08', 95.00, 'Enviado',   10,14,'0123JKL'),
('2025-08-09', 50.00, 'Entregado', 11,5, '1234ABC'),
('2025-08-10', 55.00, 'Cancelado', 12,6, '2345BCD'),
('2025-08-11', 60.00, 'Pendiente', 13,7, '3456CDE'),
('2025-08-12', 65.00, 'Enviado',   14,8, '4567DEF'),
('2025-08-13', 70.00, 'Entregado', 15,9, '5678EFG'),
('2025-08-14', 75.00, 'Cancelado', 16,10,'6789FGH'),
('2025-08-15', 80.00, 'Pendiente', 17,11,'7890GHI'),
('2025-08-16', 85.00, 'Enviado',   18,12,'8901HIJ'),
('2025-08-17', 90.00, 'Entregado', 19,13,'9012IJK'),
('2025-08-18', 95.00, 'Cancelado', 20,14,'0123JKL'),
('2025-08-19', 50.00, 'Pendiente', 1,5, '1234ABC'),
('2025-08-20', 55.00, 'Enviado',   2,6, '2345BCD'),
('2025-08-21', 60.00, 'Entregado', 3,7, '3456CDE'),
('2025-08-22', 65.00, 'Cancelado', 4,8, '4567DEF'),
('2025-08-23', 70.00, 'Pendiente', 5,9, '5678EFG'),
('2025-08-24', 75.00, 'Enviado',   6,10,'6789FGH'),
('2025-08-25', 80.00, 'Entregado', 7,11,'7890GHI'),
('2025-08-26', 85.00, 'Cancelado', 8,12,'8901HIJ'),
('2025-08-27', 90.00, 'Pendiente', 9,13,'9012IJK'),
('2025-08-28', 95.00, 'Enviado',   10,14,'0123JKL'),
('2025-08-29', 50.00, 'Entregado', 11,5, '1234ABC'),
('2025-08-30', 55.00, 'Cancelado', 12,6, '2345BCD'),
('2025-08-31', 60.00, 'Pendiente', 13,7, '3456CDE'),
('2025-09-01', 65.00, 'Enviado',   14,8, '4567DEF'),
('2025-09-02', 70.00, 'Entregado', 15,9, '5678EFG'),
('2025-09-03', 75.00, 'Cancelado', 16,10,'6789FGH'),
('2025-09-04', 80.00, 'Pendiente', 17,11,'7890GHI'),
('2025-09-05', 85.00, 'Enviado',   18,12,'8901HIJ'),
('2025-09-06', 90.00, 'Entregado', 19,13,'9012IJK'),
('2025-09-07', 95.00, 'Cancelado', 20,14,'0123JKL'),
('2025-09-08', 50.00, 'Pendiente', 1,5, '1234ABC'),
('2025-09-09', 55.00, 'Enviado',   2,6, '2345BCD'),
('2025-09-10', 60.00, 'Entregado', 3,7, '3456CDE'),
('2025-09-11', 65.00, 'Cancelado', 4,8, '4567DEF'),
('2025-09-12', 70.00, 'Pendiente', 5,9, '5678EFG'),
('2025-09-13', 75.00, 'Enviado',   6,10,'6789FGH'),
('2025-09-14', 80.00, 'Entregado', 7,11,'7890GHI'),
('2025-09-15', 85.00, 'Cancelado', 8,12,'8901HIJ'),
('2025-09-16', 90.00, 'Pendiente', 9,13,'9012IJK'),
('2025-09-17', 95.00, 'Enviado',   10,14,'0123JKL'),
('2025-09-18', 50.00, 'Entregado', 11,5, '1234ABC'),
('2025-09-19', 55.00, 'Cancelado', 12,6, '2345BCD'),
('2025-09-20', 60.00, 'Pendiente', 13,7, '3456CDE'),
('2025-09-21', 65.00, 'Enviado',   14,8, '4567DEF'),
('2025-09-22', 70.00, 'Entregado', 15,9, '5678EFG'),
('2025-09-23', 75.00, 'Cancelado', 16,10,'6789FGH'),
('2025-09-24', 80.00, 'Pendiente', 17,11,'7890GHI'),
('2025-09-25', 85.00, 'Enviado',   18,12,'8901HIJ'),
('2025-09-26', 90.00, 'Entregado', 19,13,'9012IJK'),
('2025-09-27', 95.00, 'Cancelado', 20,14,'0123JKL'),
('2025-09-28', 50.00, 'Pendiente', 1,5, '1234ABC'),
('2025-09-29', 55.00, 'Enviado',   2,6, '2345BCD');

-- Datos ItemPedido
INSERT INTO ItemPedido (pedido_id, producto_id, cantidad) VALUES
(1, 1, 2), 
(1, 2, 1),
(2, 3, 3), 
(2, 4, 1), 
(2, 5, 2),
(3, 6, 2),
(4, 7, 4), 
(4, 8, 1), 
(4, 9, 2),
(5, 10, 1), 
(5, 11, 2), 
(5, 12, 1), 
(5, 13, 3),
(6, 14, 2), 
(6, 15, 2),
(7, 16, 1), 
(7, 17, 3), 
(7, 18, 2), 
(7, 19, 1), 
(7, 20, 4),
(8, 21, 3), 
(8, 22, 1),
(9, 23, 2), 
(9, 24, 2), 
(9, 25, 1),
(10, 26, 3),
(11, 27, 1), 
(11, 28, 2), 
(11, 29, 2),
(12, 30, 4), 
(12, 31, 1), 
(12, 32, 3),
(13, 33, 2),
(14, 34, 1), 
(14, 35, 2), 
(14, 36, 1),
(15, 37, 3), 
(15, 38, 2),
(16, 39, 2), 
(16, 40, 2), 
(16, 41, 3), 
(16, 42, 1),
(17, 43, 2),
(18, 44, 4), 
(18, 45, 2), 
(18, 46, 3), 
(18, 47, 1), 
(18, 48, 2),
(19, 49, 1), 
(19, 50, 2),
(20, 51, 3), 
(20, 52, 1),
(21, 53, 2), 
(21, 54, 2), 
(21, 55, 3), 
(21, 56, 1),
(22, 57, 1),
(23, 58, 2), 
(23, 59, 3), 
(23, 60, 1), 
(23, 61, 2),
(24, 62, 4), 
(24, 63, 1),
(25, 64, 3), 
(25, 65, 2),
(26, 66, 1), 
(26, 67, 2), 
(26, 68, 3),
(27, 69, 2), 
(27, 70, 2),
(28, 71, 1),
(29, 72, 3), 
(29, 73, 1), 
(29, 74, 2),
(30, 75, 1), 
(30, 1, 4),
(30, 2, 3),
(31, 3, 2), 
(31, 4, 1),
(32, 5, 3),
(32, 6, 2),
(33, 7, 4),
(33, 8, 1),
(34, 9, 2), 
(34, 10, 3), 
(34, 11, 1),
(35, 12, 1),
(36, 13, 2), 
(36, 14, 2), 
(36, 15, 3),
(37, 16, 1), 
(37, 17, 1), 
(37, 18, 2), 
(37, 19, 3), 
(37, 20, 1),
(38, 21, 2),
(39, 22, 4),
(39, 23, 3),
(40, 24, 1), 
(40, 25, 2),
(41, 26, 3), 
(41, 27, 1), 
(41, 28, 2),
(42, 29, 2),
(43, 30, 1), 
(43, 31, 2), 
(43, 32, 3), 
(43, 33, 1),
(44, 34, 1),
(45, 35, 2), 
(45, 36, 2), 
(45, 37, 3),
(46, 38, 1), 
(46, 39, 4),
(47, 40, 2),
(48, 41, 3), 
(48, 42, 2), 
(48, 43, 1),
(49, 44, 2), 
(49, 45, 3), 
(49, 46, 1), 
(49, 47, 1),
(50, 48, 2),
(51, 49, 1), 
(51, 50, 2), 
(51, 51, 3), 
(51, 52, 2),
(52, 53, 4),
(53, 54, 3), 
(53, 55, 1),
(54, 56, 2), 
(54, 57, 2), 
(54, 58, 1),
(55, 59, 3),
(56, 60, 1), 
(56, 61, 2), 
(56, 62, 4), 
(56, 63, 1), 
(56, 64, 3),
(57, 65, 2),
(58, 66, 1), 
(58, 67, 3), 
(58, 68, 2),
(59, 69, 2), 
(59, 70, 1),
(60, 71, 3), 
(60, 72, 1), 
(60, 73, 2), 
(60, 74, 1);

-- Datos Reportes
INSERT INTO reportes (cliente_id, empleado_id, descripcion) VALUES
	(4, 3, "El apartado de productos no me funciona"),
    (1, 2, 'Problema con el producto recibido, llegó dañado.'),
    (5, 4, 'Queja por tiempos de respuesta demasiado largos.'),
    (3, 1, 'Problema con la renovación automática de su plan.'),
    (10, NULL, 'Cliente reporta error en el sitio web.'),
    (9, 3, 'Sugerencia de mejora en el proceso de atención al cliente.'),
    (2, 5, 'Cliente indica que no ha recibido su factura.'),
    (8, NULL, 'Solicitud de soporte técnico para instalación de software.'),
    (7, 2, 'Reporte de falla en el sistema de pago en línea.'),
    (6, NULL, 'Cliente desea cancelar su suscripción.'),
    (1, 4, 'Queja por maltrato por parte de un repartidor.'),
    (5, 3, 'El producto entregado no coincide con lo solicitado.'),
    (4, NULL, 'Cliente solicita actualización de sus datos personales.'),
    (3, 1, 'Cliente reporta cobro doble en su factura.'),
    (2, NULL, 'Solicitud de reembolso por servicio no utilizado.')
;